{"cameraMode":{"drawMode":0,"name":"Shaded","section":"Shading Mode"},"sceneLighting":true,"audioPlay":false,"sceneViewState":{"showFog":true,"showMaterialUpdate":true,"showSkybox":true,"showFlares":true,"showImageEffects":true,"showParticleSystems":true},"in2DMode":false,"pivot":{"x":53.584659576416019,"y":8.170839309692383,"z":16.339509963989259},"rotation":{"x":-0.4938236474990845,"y":0.3006622791290283,"z":-0.18686208128929139,"w":-0.7943037152290344},"size":22.081188201904298,"orthographic":false}