{"cameraMode":{"drawMode":0,"name":"Shaded","section":"Shading Mode"},"sceneLighting":false,"audioPlay":false,"sceneViewState":{"showFog":true,"showMaterialUpdate":true,"showSkybox":false,"showFlares":true,"showImageEffects":true,"showParticleSystems":true},"in2DMode":false,"pivot":{"x":-10.176873207092286,"y":3.8388123512268068,"z":39.241798400878909},"rotation":{"x":-0.1064927726984024,"y":0.7636107802391052,"z":-0.13045743107795716,"w":-0.6233320832252502},"size":56.82722854614258,"orthographic":false}