{"cameraMode":{"drawMode":0,"name":"Shaded","section":"Shading Mode"},"sceneLighting":true,"audioPlay":false,"sceneViewState":{"showFog":true,"showMaterialUpdate":true,"showSkybox":true,"showFlares":true,"showImageEffects":true,"showParticleSystems":true},"in2DMode":false,"pivot":{"x":3.2550482749938967,"y":8.955020904541016,"z":30.915035247802736},"rotation":{"x":-0.1064927726984024,"y":0.7636107802391052,"z":-0.13045743107795716,"w":-0.6233320832252502},"size":40.455928802490237,"orthographic":false}