{"cameraMode":{"drawMode":0,"name":"Shaded","section":"Shading Mode"},"sceneLighting":false,"audioPlay":false,"sceneViewState":{"showFog":true,"showMaterialUpdate":true,"showSkybox":false,"showFlares":true,"showImageEffects":true,"showParticleSystems":true},"in2DMode":false,"pivot":{"x":365.6835021972656,"y":200.6695556640625,"z":14.035630226135254},"rotation":{"x":-0.29608237743377688,"y":0.6862268447875977,"z":-0.3667394518852234,"w":-0.5540163516998291},"size":0.8573411703109741,"orthographic":false}