{"cameraMode":{"drawMode":0,"name":"Shaded","section":"Shading Mode"},"sceneLighting":true,"audioPlay":false,"sceneViewState":{"showFog":true,"showMaterialUpdate":true,"showSkybox":true,"showFlares":true,"showImageEffects":true,"showParticleSystems":true},"in2DMode":false,"pivot":{"x":0.6524696350097656,"y":-2.2095255851745607,"z":-7.994927406311035},"rotation":{"x":-0.32962632179260256,"y":0.6411425471305847,"z":-0.35510995984077456,"w":-0.5951327085494995},"size":26.093582153320314,"orthographic":false}